text,label
Reverse is cheating. That is not mathematics.,ham
U're welcome... Caught u using broken english again...,ham
No problem baby. Is this is a good time to talk? I called and left a message.,ham
"Sorry, I'll call later",ham
Oh is it! Which brand?,ham
Sorry i cant take your call right now. It so happens that there r 2waxsto do wat you want. She can come and ill get her medical insurance. And she'll be able to deliver and have basic care. I'm currently shopping for the right medical insurance for her. So just give me til friday morning. Thats when i.ll see the major person that can guide me to the right insurance.,ham
At what time are you coming.,ham
Call him and say you not coming today ok and tell them not to fool me like this ok,ham
I emailed yifeng my part oredi.. Can Ì_ get it fr him..,ham
R u sure they'll understand that! Wine * good idea just had a slurp!,ham
Minimum walk is 3miles a day.,ham
Ok not a problem will get them a taxi. C ing  tomorrow and tuesday. On tuesday think we r all going to the cinema. ,ham
"Brainless Baby Doll..:-D;-), vehicle sariyag drive madoke barolla..",ham
I don't run away frm u... I walk slowly &amp; it kills me that u don't care enough to stop me...,ham
Sorry I missed your call let's talk when you have the time. I'm on 07090201529,spam
Please attend the phone:),ham
You only hate me. You can call any but you didnt accept even a single call of mine. Or even you messaged,ham
No messages on her phone. I'm holding it now,ham
Can... I'm free...,ham
"Yo my trip got postponed, you still stocked up?",ham
"Sorry, I'll call later",ham
I am waiting for your call sir.,ham
Hey what are you doing. Y no reply pa..,ham
"Hey elaine, is today's meeting still on?",ham
Sorry i've not gone to that place. I.ll do so tomorrow. Really sorry.,ham
Most of the tiime when i don't let you hug me it's so i don't break into tears.,ham
Tomorrow i am not going to theatre. . . So i can come wherever u call me. . . Tell me where and when to come tomorrow,ham
And now electricity just went out fml.,ham
"Looks like you found something to do other than smoke, great job!",ham
Also andros ice etc etc,ham
:) ,ham
"Good afternon, my love. How are today? I hope your good and maybe have some interviews. I wake and miss you babe. A passionate kiss from across the sea",ham
Yup. Wun believe wat? U really neva c e msg i sent shuhui?,ham
Hows that watch resizing,ham
Dear umma she called me now :-),ham
Just finished. Missing you plenty,ham
"complimentary 4 STAR Ibiza Holiday or å£10,000 cash needs your URGENT collection. 09066364349 NOW from Landline not to lose out! Box434SK38WP150PPM18+",spam
"Well, I meant as opposed to my drunken night of before",ham
K... Must book a not huh? so going for yoga basic on sunday?,ham
FREE MSG:We billed your mobile number by mistake from shortcode 83332.Please call 08081263000 to have charges refunded.This call will be free from a BT landline,spam
Ok can...,ham
"Oops - am at my mum's in somerset... Bit far! Back tomo, see you soon x",ham
So u workin overtime nigpun?,ham
Same as kallis dismissial in 2nd test:-).,ham
O. Guess they both got screwd,ham
Please CALL 08712402972 immediately as there is an urgent message waiting for you,spam
"I'm in a meeting, call me later at",ham
What r u cooking me for dinner?,ham
Ok thanx...,ham
Bull. Your plan was to go floating off to IKEA with me without a care in the world. So i have to live with your mess another day.,ham
Then i buy.,ham
URGENT! Your Mobile number has been awarded with a å£2000 Bonus Caller Prize. Call 09058095201 from land line. Valid 12hrs only,spam
Heehee that was so funny tho,ham
It only does simple arithmetic not percentages.,ham
"Yeah we wouldn't leave for an hour at least, how's 4 sound?",ham
"As a valued customer, I am pleased to advise you that following recent review of your Mob No. you are awarded with a å£1500 Bonus Prize, call 09066364589",spam
Thanks honey. Have a great day.,ham
"'An Amazing Quote'' - \Sometimes in life its difficult to decide whats wrong!! a lie that brings a smile or the truth that brings a tear....\""""",ham
Good night my dear.. Sleepwell&amp;Take care,ham
Then Ì_ ask dad to pick Ì_ up lar... ÌÏ wan 2 stay until 6 meh...,ham
"Jus chillaxin, what up",ham
"\HEY DAS COOL... IKNOW ALL 2 WELLDA PERIL OF STUDENTFINANCIAL CRISIS!SPK 2 U L8R.\""""",ham
"Beautiful Truth against Gravity.. Read carefully: \Our heart feels light when someone is in it.. But it feels very heavy when someone leaves it..\"" GOODMORNING""",ham
Do you want a New Nokia 3510i colour phone DeliveredTomorrow? With 300 free minutes to any mobile + 100 free texts + Free Camcorder reply or call 08000930705,spam
"Whats that coming over the hill..... Is it a monster! Hope you have a great day. Things r going fine here, busy though! ",ham
Joy's father is John. Then John is the ____ of Joy's father. If u ans ths you hav  &lt;#&gt;  IQ. Tis s IAS question try to answer.,ham
Only once then after ill obey all yours.,ham
No she didnt. I will search online and let you know.,ham
Where do you need to go to get it?,ham
No pic. Please re-send.,ham
He remains a bro amongst bros,ham
Uhhhhrmm isnt having tb test bad when youre sick,ham
But i haf enuff space got like 4 mb...,ham
LIFE has never been this much fun and great until you came in. You made it truly special for me. I won't forget you! enjoy @ one gbp/sms,spam
Do you want a new Video phone? 600 anytime any network mins 400 Inclusive Video calls AND downloads 5 per week Free delTOMORROW call 08002888812 or reply NOW,spam
"As a valued customer, I am pleased to advise you that following recent review of your Mob No. you are awarded with a å£1500 Bonus Prize, call 09066368470",spam
Welcome! Please reply with your AGE and GENDER to begin. e.g 24M,spam
Freemsg: 1-month unlimited free calls! Activate SmartCall Txt: CALL to No: 68866. Subscriptn3gbp/wk unlimited calls Help: 08448714184 Stop?txt stop landlineonly,spam
Had your mobile 10 mths? Update to latest Orange camera/video phones for FREE. Save å£s with Free texts/weekend calls. Text YES for a callback orno to opt out,spam
Am new 2 club & dont fink we met yet Will B gr8 2 C U Please leave msg 2day wiv ur area 09099726553 reply promised CARLIE x Callså£1/minMobsmore LKPOBOX177HP51FL,spam
True. Its easier with her here.,ham
Sure but since my parents will be working on Tuesday I don't really need a cover story,ham
Haha okay... Today weekend leh... ,ham
"\Hi darlin did youPhone me? Im atHome if youwanna chat.\""""",ham
I don't know jack shit about anything or i'd say/ask something helpful but if you want you can pretend that I did and just text me whatever in response to the hypotheticalhuagauahahuagahyuhagga,ham
You've always been the brainy one.,ham
Yeah if we do have to get a random dude we need to change our info sheets to PARTY  &lt;#&gt; /7 NEVER STUDY just to be safe,ham
Camera - You are awarded a SiPix Digital Camera! call 09061221066 fromm landline. Delivery within 28 days.,spam
"Christmas is An occasion that is Celebrated as a Reflection of UR... Values..., Desires..., Affections...&amp; Traditions.... Have an ideal Christmas...",ham
Sending you greetings of joy and happiness. Do have a gr8 evening,ham
"\Hi darlin i cantdo anythingtomorrow as myparents aretaking me outfor a meal. when are u free? Katexxx\""""",ham
If india win or level series means this is record:),ham
Then what about further plan?,ham
Its good to hear from you,ham
"awesome, how do I deal with the gate? Charles told me last night but, uh, yeah",ham
What time you thinkin of goin?,ham
Get a FREE mobile video player FREE movie. To collect text GO to 89105. Its free! Extra films can be ordered t's and c's apply. 18 yrs only,spam
Save money on wedding lingerie at www.bridal.petticoatdreams.co.uk Choose from a superb selection with national delivery. Brought to you by WeddingFriend,spam
Your board is working fine. The issue of overheating is also reslove. But still software inst is pending. I will come around 8'o clock.,ham
Yes but I don't care cause I know its there!,ham
"wiskey Brandy Rum Gin Beer Vodka Scotch Shampain Wine \KUDI\""yarasu dhina vaazhthukkal. ..""",ham
"Mon okie lor... Haha, best is cheap n gd food la, ex oso okie... Depends on whether wana eat western or chinese food... Den which u prefer... ",ham
Sitting ard nothing to do lor. U leh busy w work?,ham
Its  &lt;#&gt; k here oh. Should i send home for sale.,ham
Sorry. || mail? || ,ham
Ya just telling abt tht incident..,ham
Yes we were outside for like 2 hours. And I called my whole family to wake them up cause it started at 1 am,ham
Ugh just got outta class,ham
"Nowadays people are notixiquating the laxinorficated opportunity for bambling of entropication.... Have you ever oblisingately opted ur books for the masteriastering amplikater of fidalfication? It is very champlaxigating, i think it is atrocious.. Wotz Ur Opinion???? Junna",ham
I dont have any of your file in my bag..i was in work when you called me.i 'll tell you if i find anything in my room.,ham
No need lar. Jus testing e phone card. Dunno network not gd i thk. Me waiting 4 my sis 2 finish bathing so i can bathe. Dun disturb u liao u cleaning ur room.,ham
Ok. I.ll do you right later.,ham
Friendship poem: Dear O Dear U R Not Near But I Can Hear Dont Get Fear Live With Cheer No More Tear U R Always my Dear. Gud ni8,ham
Have your lunch and come quickly and open the door:),ham
Not heard from U4 a while. Call me now am here all night with just my knickers on. Make me beg for it like U did last time 01223585236 XX Luv Nikiyu4.net,spam
I am back. Bit long cos of accident on a30. Had to divert via wadebridge.I had a brilliant weekend thanks. Speak soon. Lots of love,ham
"K.. I yan jiu liao... Sat we can go 4 bugis vill one frm 10 to 3 den hop to parco 4 nb. Sun can go cine frm 1030 to 2, den hop to orc mrt 4 hip hop at 4...",ham
Bloomberg -Message center +447797706009 Why wait? Apply for your future http://careers. bloomberg.com,spam
i am seeking a lady in the street and a freak in the sheets. Is that you?,ham
My phone,ham
"Haha figures, well I found the piece and priscilla's bowl",ham
"Actually fuck that, just do whatever, do find an excuse to be in tampa at some point before january though",ham
URGENT! We are trying to contact U. Todays draw shows that you have won a å£800 prize GUARANTEED. Call 09050001808 from land line. Claim M95. Valid12hrs only,spam
yay! finally lol. i missed our cinema trip last week :-(,ham
All day working day:)except saturday and sunday..,ham
aathi..where are you dear..,ham
Heart is empty without love.. Mind is empty without wisdom.. Eyes r empty without dreams &amp; Life is empty without frnds.. So Alwys Be In Touch. Good night &amp; sweet dreams,ham
"I think I‰Û÷m waiting for the same bus! Inform me when you get there, if you ever get there.",ham
You getting back any time soon?,ham
", how's things? Just a quick question.",ham
"Night has ended for another day, morning has come in a special way. May you smile like the sunny rays and leaves your worries at the blue blue bay. Gud mrng",ham
"I can probably come by, everybody's done around  &lt;#&gt;  right?",ham
I got it before the new year cos yetunde said she wanted to surprise you with it but when i didnt see money i returned it mid january before the  &lt;#&gt; day return period ended.,ham
I can ask around but there's not a lot in terms of mids up here,ham
Be sure to check your yahoo email. We sent photos yesterday,ham
What was she looking for?,ham
Wherre's my boytoy ? :-(,ham
Do you want a NEW video phone750 anytime any network mins 150 text for only five pounds per week call 08000776320 now or reply for delivery tomorrow,spam
"Hello, my love! How goes that day ? I wish your well and fine babe and hope that you find some job prospects. I miss you, boytoy ... *a teasing kiss*",ham
Tell my  bad character which u Dnt lik in me. I'll try to change in  &lt;#&gt; . I ll add tat 2 my new year resolution. Waiting for ur reply.Be frank...good morning.,ham
No:-)i got rumour that you going to buy apartment in chennai:-),ham
"Yeah, probably earlier than that",ham
Change windows logoff sound..,ham
Still i have not checked it da. . .,ham
I'm also came to room.,ham
Huh but i got lesson at 4 lei n i was thinkin of going to sch earlier n i tot of parkin at kent vale...  ,ham
Ok.,ham
I will reach office around  &lt;DECIMAL&gt; . &amp; my mobile have problem. You cann't get my voice. So call you asa i'll free,ham
"Cool, text me when you head out",ham
"You are being contacted by our dating service by someone you know! To find out who it is, call from a land line 09050000878. PoBox45W2TG150P",spam
"Wan2 win a Meet+Greet with Westlife 4 U or a m8? They are currently on what tour? 1)Unbreakable, 2)Untamed, 3)Unkempt. Text 1,2 or 3 to 83049. Cost 50p +std text",spam
Happy birthday... May u find ur prince charming soon n dun work too hard...,ham
"Oh, the grand is having a bit of a party but it doesn't mention any cover charge so it's probably first come first served",ham
You said to me before i went back to bed that you can't sleep for anything.,ham
I hope you arnt pissed off but id would really like to see you tomorrow. Love me xxxxxxxxxxxxxX,ham
Dorothy@kiefer.com (Bank of Granite issues Strong-Buy) EXPLOSIVE PICK FOR OUR MEMBERS *****UP OVER 300% *********** Nasdaq Symbol CDGT That is a $5.00 per..,spam
says the  &lt;#&gt;  year old with a man and money. I'm down to my last  &lt;#&gt; . Still waiting for that check.,ham
I will come to ur home now,ham
Free any day but i finish at 6 on mon n thurs...,ham
Will you be here for food,ham
"life alle mone,eppolum oru pole allalo",ham
Nite...,ham
Two fundamentals of cool life: \Walk,ham
"Camera quite good, 10.1mega pixels, 3optical and 5digital dooms. Have a lovely holiday, be safe and i hope you hav a good journey! Happy new year to you both! See you in a couple of weeks! ",ham
Hi Petey!noiåÕm ok just wanted 2 chat coz avent spoken 2 u 4 a long time-hope ur doin alrite.have good nit at js love ya am.x,ham
I just saw ron burgundy captaining a party boat so yeah,ham
I'm serious. You are in the money base,ham
Already one guy loving you:-.,ham
Staff of placement training in Amrita college.,ham
I always chat with you. In fact i need money can you raise me?,ham
I'm job profile seems like bpo..,ham
"Well, I was about to give up cos they all said no they didn‰Û÷t do one nighters. I persevered and found one but it is very cheap so i apologise in advance. It is just somewhere to sleep isnt it?",ham
"So you think i should actually talk to him? Not call his boss in the morning? I went to this place last year and he told me where i could go and get my car fixed cheaper. He kept telling me today how much he hoped i would come back in, how he always regretted not getting my number, etc.",ham
Are you willing to go for apps class.,ham
Hanging out with my brother and his family,ham
No it will reach by 9 only. She telling she will be there. I dont know,ham
Hey... are you going to quit soon? Xuhui and i working till end of the month ,ham
"Im sorry bout last nite it wasnåÕt ur fault it was me, spouse it was pmt or sumthin! U 4give me? I think u shldxxxx",ham
Try neva mate!!,ham
Yeah that'd pretty much be the best case scenario,ham
I not free today i haf 2 pick my parents up tonite...,ham
\HEY BABE! FAR 2 SPUN-OUT 2 SPK AT DA MO... DEAD 2 DA WRLD. BEEN SLEEPING ON DA SOFA ALL DAY,ham
Should i send you naughty pix? :),ham
"You are a å£1000 winner or Guaranteed Caller Prize, this is our Final attempt to contact you! To Claim Call 09071517866 Now! 150ppmPOBox10183BhamB64XE",spam
"Xmas & New Years Eve tickets are now on sale from the club, during the day from 10am till 8pm, and on Thurs, Fri & Sat night this week. They're selling fast!",spam
"Tyler (getting an 8th) has to leave not long after 9, can you get here in like an hour?",ham
Prepare to be pounded every night...,ham
"Actually, my mobile is full of msg. And i m doing a work online, where i need to send them  &lt;#&gt;  sent msg i wil explain u later.",ham
"Sorry, I'll call later",ham
Good evening! How are you?,ham
I'm at home. Please call,ham
Oic cos me n my sis got no lunch today my dad went out... So dunno whether 2 eat in sch or wat...,ham
"Mmmmm ... It was sooooo good to wake to your words this morning, my Love!! Mmmm fuck ... I love you too, my Lion ... *devouring kiss from across the sea*",ham
We are pleased to inform that your application for Airtel Broadband is processed successfully. Your installation will happen within 3 days.,ham
What happen dear. Why you silent. I am tensed,ham
"I'll get there at 3, unless you guys want me to come some time sooner",ham
If you are not coughing then its nothing,ham
ÌÏ come lt 25 n pass to me lar,ham
I'm e person who's doing e sms survey...,ham
Lol ok ill try to send. Be warned Sprint is dead slow. You'll prolly get it tomorrow,ham
Thank You meet you monday,ham
SO IS TH GOWER MATE WHICH IS WHERE I AM!?! HOW R U MAN? ALL IS GOOD IN WALES ILL B BACK åÔMORROW. C U THIS WK? WHO WAS THE MSG 4? åÐ RANDOM!,ham
"Rock yr chik. Get 100's of filthy films &XXX pics on yr phone now. rply FILTH to 69669. Saristar Ltd, E14 9YT 08701752560. 450p per 5 days. Stop2 cancel",spam
"Single line with a big meaning::::: \Miss anything 4 ur \""Best Life\"" but",ham
"I got like $ &lt;#&gt; , I can get some more later though. Get whatever you feel like",ham
"Dad wanted to talk about the apartment so I got a late start, omw now",ham
I love you both too :-),ham
Lol u still feeling sick?,ham
Din i tell u jus now 420,ham
am up to my eyes in philosophy,ham
From next month get upto 50% More Calls 4 Ur standard network charge 2 activate Call 9061100010 C Wire3.net 1st4Terms PoBox84 M26 3UZ Cost å£1.50 min MobcudB more,spam
Ok lor. I'm in town now lei.,ham
I had it already..sabarish asked me to go..,ham
No da. . Vijay going to talk in jaya tv,ham
URGENT! We are trying to contact U Todays draw shows that you have won a å£800 prize GUARANTEED. Call 09050000460 from land line. Claim J89. po box245c2150pm,spam
Lol I know! Hey someone did a great inpersonation of flea on the forums. I love it!,ham
Text BANNEDUK to 89555 to see! cost 150p textoperator g696ga 18+ XXX,spam
Still chance there. If you search hard you will get it..let have a try :),ham
"Auction round 4. The highest bid is now å£54. Next maximum bid is å£71. To bid, send BIDS e. g. 10 (to bid å£10) to 83383. Good luck.",spam
Do you always celebrate NY's with your family ?,ham
"We know TAJ MAHAL as symbol of love. But the other lesser known facts 1. Mumtaz was Shahjahan's 4th wife, out of his 7 wifes. 2. Shahjahan killed Mumtaz's husband to marry her. 3. Mumtaz died in her  &lt;#&gt; th delivery. 4. He then married Mumtaz's sister. Question arises where the Hell is the LOVE?:-| -The Great Hari-",ham
Its ok..come to my home it vl nice to meet and v can chat..,ham
Collect your VALENTINE'S weekend to PARIS inc Flight & Hotel + å£200 Prize guaranteed! Text: PARIS to No: 69101. www.rtf.sphosting.com,spam
Sent me de webadres for geting salary slip,ham
She's fine. Sends her greetings,ham
Customer Loyalty Offer:The NEW Nokia6650 Mobile from ONLY å£10 at TXTAUCTION! Txt word: START to No: 81151 & get yours Now! 4T&Ctxt TC 150p/MTmsg,spam
But you dint in touch with me.,ham
"Yup, leaving right now, be back soon",ham
You won't believe it but it's true. It's Incredible Txts! Reply G now to learn truly amazing things that will blow your mind. From O2FWD only 18p/txt,spam
Yeah sure I'll leave in a min,ham
And do you have any one that can teach me how to ship cars.,ham
"The sign of maturity is not when we start saying big things.. But actually it is, when we start understanding small things... *HAVE A NICE EVENING* BSLVYL",ham
Yeah confirmed for you staying at  that weekend,ham
They said Ì_ dun haf passport or smth like dat.. Or Ì_ juz send to my email account..  ,ham
"Multiply the numbers independently and count decimal points then, for the division, push the decimal places like i showed you.",ham
"Have a lovely night and when you wake up to see this message, i hope you smile knowing all is as should be. Have a great morning",ham
Ard 4 lor...,ham
You are right. Meanwhile how's project twins comin up,ham
I sent your maga that money yesterday oh.,ham
Hi 07734396839 IBH Customer Loyalty Offer: The NEW NOKIA6600 Mobile from ONLY å£10 at TXTAUCTION!Txt word:START to No:81151 & get Yours Now!4T&,spam
Heart is empty without love.. Mind is empty without wisdom.. Eyes r empty without dreams &amp; Life is empty without frnds.. So Alwys Be In Touch. Good night &amp; sweet dreams,ham
I am hot n horny and willing I live local to you - text a reply to hear strt back from me 150p per msg Netcollex LtdHelpDesk: 02085076972 reply Stop to end,spam
Our ride equally uneventful - not too many of those pesky cyclists around at that time of night ;).,ham
If you were/are free i can give. Otherwise nalla adi entey nattil kittum,ham
I've sent my wife your text. After we buy them she'll tell you what to do. So just relax. We should go get them this wkend.,ham
I am in escape theatre now. . Going to watch KAVALAN in a few minutes,ham
How much would it cost to hire a hitman,ham
I anything lor...,ham
"Sorry, I'll call later",ham
Do you want a New Nokia 3510i Colour Phone Delivered Tomorrow? With 200 FREE minutes to any mobile + 100 FREE text + FREE camcorder Reply or Call 08000930705,spam
Huh but i cant go 2 ur house empty handed right?,ham
Good morning princess! Happy New Year!,ham
Congratulations YOU'VE Won. You're a Winner in our August å£1000 Prize Draw. Call 09066660100 NOW. Prize Code 2309.,spam
"Aight, we'll head out in a few",ham
Then wat r u doing now? Busy wif work?,ham
I know you mood off today,ham
"Jay told me already, will do",ham
Cps is causing the outages to conserve energy.,ham
"I'm not sure, I was just checking out what was happening around the area",ham
Hey morning what you come to ask:-) pa...,ham
Jordan got voted out last nite!,ham
"That means you got an A in epi, she.s fine. She.s here now.",ham
I have no idea where you are,ham
Pls come quick cant bare this.,ham
Joy's father is John. Then John is the ____ of Joy's father. If u ans ths you hav  &lt;#&gt;  IQ. Tis s IAS question try to answer.,ham
"Call me. I m unable to cal. Lets meet bhaskar, and deep",ham
No. I.ll meet you in the library,ham
"K, my roommate also wants a dubsack and another friend may also want some so plan on bringing extra, I'll tell you when they know for sure",ham
Depends on individual lor e hair dresser say pretty but my parents say look gong. U kaypoh.. I also dunno wat she collecting.,ham
Ok c Ì_ then.,ham
I enjoy watching and playing football and basketball. Anything outdoors. And you?,ham
"Can you please ask macho what his price range is, does he want something new or used plus it he only interfued in the blackberry bold  &lt;#&gt;  or any bb",ham
Sorry sent blank msg again. Yup but trying 2 do some serious studying now.,ham
Hey check it da. I have listed da.,ham
8007 25p 4 Alfie Moon's Children in Need song on ur mob. Tell ur m8s. Txt TONE CHARITY to 8007 for nokias or POLY CHARITY for polys :zed 08701417012 profit 2 charity ,spam
I meant as an apology from me for texting you to get me drugs at  &lt;#&gt; at night,ham
That means from february to april i'll be getting a place to stay down there so i don't have to hustle back and forth during audition season as i have since my sister moved away from harlem.,ham
Goin to workout lor... Muz lose e fats... ,ham
"Damn, poor zac doesn't stand a chance",ham
No message..no responce..what happend?,ham
I want to tel u one thing u should not mistake me k THIS IS THE MESSAGE THAT YOU SENT:),ham
Yeah right! I'll bring my tape measure fri!,ham
Still chance there. If you search hard you will get it..let have a try :),ham
Meeting u is my work. . . Tel me when shall i do my work tomorrow,ham
Should I head straight there or what,ham
Get the official ENGLAND poly ringtone or colour flag on yer mobile for tonights game! Text TONE or FLAG to 84199. Optout txt ENG STOP Box39822 W111WX å£1.50,spam
Thank you princess! You are so sexy...,ham
Oooh I got plenty of those!,ham
Hui xin is in da lib.,ham
Its a big difference.  &lt;#&gt;  versus  &lt;#&gt;  every  &lt;#&gt; hrs,ham
"It's not that you make me cry. It's just that when all our stuff happens on top of everything else, it pushes me over the edge. You don't underdtand how often i cry over my sorry, sorry life.",ham
"\ME 2 BABE I FEEL THE SAME LETS JUST 4GET ABOUT IT+BOTH TRY +CHEER UP+NOT FIT SOO MUCHXXLOVE U LOCAXX\""""",ham
You know what hook up means right?,ham
"Customer service announcement. We recently tried to make a delivery to you but were unable to do so, please call 07090298926 to re-schedule. Ref:9307622",spam
Wat's da model num of ur phone?,ham
He's really into skateboarding now despite the fact that he gets thrown off of it and winds up with bandages and shit all over his arms every five minutes,ham
"You can stop further club tones by replying \STOP MIX\"" See my-tone.com/enjoy. html for terms. Club tones cost GBP4.50/week. MFL",spam
My house here e sky quite dark liao... If raining then got excuse not 2 run already rite... Hee...,ham
"Sorry, left phone upstairs. OK, might be hectic but would be all my birds with one fell swoop. It's a date.",ham
* Thought I didn't see you.,ham
wamma get laid?want real doggin locations sent direct to your mobile? join the UKs largest dogging network. txt dogs to 69696 now!nyt. ec2a. 3lp å£1.50/msg.,spam
Carlos says we can pick up from him later so yeah we're set,ham
"Hey babe, my friend had to cancel, still up for a visit ?",ham
As per your request 'Maangalyam (Alaipayuthe)' has been set as your callertune for all Callers. Press *9 to copy your friends Callertune,ham
Hmm ill have to think about it... ok you're forgiven! =D,ham
"We are hoping to get away by 7, from Langport. You still up for town tonight?",ham
Want to send me a virtual hug?... I need one,ham
"Probably not, still going over some stuff here",ham
It has issues right now. Ill fix for her by tomorrow.,ham
Why i come in between you people,ham
Senthil group company Apnt 5pm.,ham
Oh really?? Did you make it on air? What's your talent?,ham
Studying. But i.ll be free next weekend.,ham
R u here yet? I'm wearing blue shirt n black pants.,ham
Wait.i will come out.. &lt;#&gt;  min:),ham
I will reach ur home in  &lt;#&gt;  minutes,ham
Well then you have a great weekend!,ham
"What are you doing in langport? Sorry, but I'll probably be in bed by 9pm. It sucks being ill at xmas! When do you and go2sri lanka? ",ham
"Frnd s not juz a word.....not merely a relationship.....its a silent promise which says ... \ I will be with YOU \"" Wherevr.. Whenevr.. Forevr... Gudnyt dear..""",ham
Huh? 6 also cannot? Then only how many mistakes?,ham
Ha... U jus ate honey ar? So sweet...,ham
I'm turning off my phone. My moms telling everyone I have cancer. And my sister won't stop calling. It hurts to talk. Can't put up with it. See u when u get home. Love u,ham
"Honey ? Sweetheart ? Darling ? Sexy buns ? Sugar plum ? Loverboy ? I miss you, boytoy ... *smacks your ass* Did you go to the gym too ?",ham
Thanks for loving me so. You rock,ham
Yeah imma come over cause jay wants to do some drugs,ham
Ok thanx... Take care then...,ham
Yup. Thk of u oso boring wat.,ham
" came to look at the flat, seems ok, in his 50s? * Is away alot wiv work. Got woman coming at 6.30 too.",ham
Moji just informed me that you saved our lives. Thanks.,ham
You have won a Nokia 7250i. This is what you get when you win our FREE auction. To take part send Nokia to 86021 now. HG/Suite342/2Lands Row/W1JHL 16+,spam
Whos this am in class:-),ham
Hey r Ì_ still online? I've finished the formatting...,ham
Great! So what attracts you to the brothas?,ham
Promotion Number: 8714714 - UR awarded a City Break and could WIN a å£200 Summer Shopping spree every WK. Txt STORE to 88039 . SkilGme. TsCs087147403231Winawk!Age16 å£1.50perWKsub,spam
Stupid.its not possible,ham
I cant pick the phone right now. Pls send a message,ham
LOL what happens in Vegas stays in vegas,ham
"Hello, hello, hi lou sorry it took so long 2 reply- I left mobile at friends in Lancaster, just got it bak Neway im sorry I couldnåÕt make ur båÕday 2 hun!",ham
When did i use soc... I use it only at home... ÌÏ dunno how 2 type it in word ar...,ham
Dad says hurry the hell up,ham
Wake me up at  &lt;#&gt;  am morning:),ham
"I get out of class in bsn in like  &lt;#&gt;  minutes, you know where advising is?",ham
Great! I shoot big loads so get ready!,ham
I'll meet you in the lobby,ham
You still coming tonight?,ham
What happen dear tell me,ham
"Sir, i am waiting for your call, once free please call me.",ham
No i am not having not any movies in my laptop,ham
I was about to do it when i texted. I finished a long time ago and showered and er'ything!,ham
Ok im not sure what time i finish tomorrow but i wanna spend the evening with you cos that would be vewy vewy lubly! Love me xxx,ham
"Hello, As per request from  &lt;#&gt;  Rs.5 has been transfered to you",ham
I am in tirupur.  call you da.,ham
You are a winner you have been specially selected to receive å£1000 cash or a å£2000 award. Speak to a live operator to claim call 087147123779am-7pm. Cost 10p,spam
S:)but he had some luck.2 catches put down:),ham
How i noe... Did Ì_ specify da domain as nusstu... ÌÏ still in sch...,ham
Oh...i asked for fun. Haha...take care. Ì_,ham
Shall i get my pouch?,ham
Hey loverboy! I love you !! I had to tell ... I look at your picture and ache to feel you between my legs ... Fuck I want you ... I need you ... I crave you .,ham
"How is my boy? No sweet words left for me this morning ... *sighs* ... How goes you day, my love ? Did you start your studying?",ham
Kent vale lor... ÌÏ wait 4 me there ar?,ham
Ok. Very good. Its all about making that money.,ham
Reading gud habit.. Nan bari hudgi yorge pataistha ertini kano:-),ham
Aight do you still want to get money,ham
Free Top ringtone -sub to weekly ringtone-get 1st week free-send SUBPOLY to 81618-?3 per week-stop sms-08718727870,spam
Ok.ok ok..then..whats ur todays plan,ham
ARE YOU IN TOWN? THIS IS V. IMPORTANT,ham
"Sorry pa, i dont knw who ru pa?",ham
Wat u doing there?,ham
If i not meeting Ì_ all rite then i'll go home lor. If Ì_ dun feel like comin it's ok.,ham
"Oh, i will get paid. The most outstanding one is for a commercial i did for Hasbro...in AUGUST! They made us jump through so many hoops to get paid. Still not.",ham
"I am late,so call you tomorrow morning.take care sweet dreams....u and me...ummifying...bye.",ham
Networking technical support associate.,ham
I'm gonna rip out my uterus.,ham
Cool. Do you like swimming? I have a pool and jacuzzi at my house.,ham
"Thanks for your ringtone order, reference number X49. Your mobile will be charged 4.50. Should your tone not arrive please call customer services 09065989182. From: [colour=red]text[/colour]TXTstar",spam
"Yeah why not, is the gang all ready",ham
Blank is Blank. But wat is blank? Lol,ham
I'm in a movie... Collect car oredi...,ham
We left already we at orchard now.,ham
"Hi there, 2nights ur lucky night! Uve been invited 2 XCHAT, the Uks wildest chat! Txt CHAT to 86688 now! 150p/MsgrcvdHG/Suite342/2Lands/Row/W1J6HL LDN 18yrs",spam
Nothing spl..wat abt u and whr ru?,ham
No chikku nt yet.. Ya i'm free,ham
"Aldrine, rakhesh ex RTM here.pls call.urgent.",ham
The search 4 happiness is 1 of d main sources of unhappiness! Accept life the way it comes! U will find happiness in every moment u live.,ham
I'm at home. Please call,ham
"I guess you could be as good an excuse as any, lol.",ham
"Isn't frnd a necesity in life? imagine urself witout a frnd.. hw'd u feel at ur colleg? wat'll u do wth ur cell? wat abt functions? thnk abt events espe'll cared, missed &amp; irritated u? 4wrd it to all those dear-loving frnds wthout whom u cant live.. I jst did it.. Takecare..:) GOODMORNING",ham
Gud mrng dear hav a nice day,ham
Old Orchard near univ. How about you?,ham
"4 tacos + 1 rajas burrito, right?",ham
"It‰Û÷s å£6 to get in, is that ok?",ham
Hows the street where the end of library walk is?,ham
"Plz note: if anyone calling from a mobile Co. &amp; asks u to type # &lt;#&gt;  or # &lt;#&gt; . Do not do so. Disconnect the call,coz it iz an attempt of 'terrorist' to make use of the sim card no. Itz confirmd by nokia n motorola n has been verified by CNN IBN.",ham
We stopped to get ice cream and will go back after,ham
Did you stitch his trouser,ham
No da. . Vijay going to talk in jaya tv,ham
2/2 146tf150p,spam
Hey i'm bored... So i'm thinking of u... So wat r u doing?,ham
"Nah, Wednesday. When should I bring the mini cheetos bag over?",ham
Nobody names their penis a girls name this story doesn't add up at all,ham
"Aight, let me know when you're gonna be around usf",ham
I'm not. She lip synced with shangela.,ham
ÌÏ neva tell me how i noe... I'm not at home in da aft wat... ,ham
"A bit of Ur smile is my hppnss, a drop of Ur tear is my sorrow, a part of Ur heart is my life, a heart like mine wil care for U, forevr as my GOODFRIEND",ham
Dear Voucher Holder 2 claim your 1st class airport lounge passes when using Your holiday voucher call 08704439680. When booking quote 1st class x 2,spam
"Buzz! Hey, my Love ! I think of you and hope your day goes well. Did you sleep in ? I miss you babe. I long for the moment we are together again*loving smile*",ham
"Haha... Sounds crazy, dunno can tahan anot...",ham
Why are u up so early?,ham
Ya that one is slow as poo,ham
Bloomberg -Message center +447797706009 Why wait? Apply for your future http://careers. bloomberg.com,spam
"\Im on gloucesterroad what are uup to later?\""""",ham
Yes:)here tv is always available in work place..,ham
YES! The only place in town to meet exciting adult singles is now in the UK. Txt CHAT to 86688 now! 150p/Msg.,spam
Lol no ouch but wish i'd stayed out a bit longer,ham
"GOD ASKED, \What is forgiveness?\"" A little child gave lovely reply",ham
We'll join the  &lt;#&gt;  bus,ham
Was just about to ask. Will keep this one. Maybe that's why you didn't get all the messages we sent you on glo,ham
FREE for 1st week! No1 Nokia tone 4 ur mob every week just txt NOKIA to 8007 Get txting and tell ur mates www.getzed.co.uk POBox 36504 W45WQ norm150p/tone 16+,spam
K.i will send in  &lt;#&gt;  min:),ham
Would me smoking you out help us work through this difficult time,ham
"Someone U know has asked our dating service 2 contact you! Cant guess who? CALL 09058095107 NOW all will be revealed. POBox 7, S3XY 150p ",spam
Yes.mum lookin strong:),ham
"Sir Goodmorning, Once free call me.",ham
Where are you call me.,ham
Was gr8 to see that message. So when r u leaving? Congrats dear. What school and wat r ur plans.,ham
Love it! The girls at the office may wonder why you are smiling but sore...,ham
"Hi, wlcome back, did wonder if you got eaten by a lion or something, nothing much",ham
Does uncle timi help in clearing cars,ham
I came hostel. I m going to sleep. Plz call me up before class. Hrishi.,ham
Ok... But bag again..,ham
Hi! You just spoke to MANEESHA V. We'd like to know if you were satisfied with the experience. Reply Toll Free with Yes or No.,ham
Ok lor. Msg me b4 u call.,ham
"Mila, age23, blonde, new in UK. I look sex with UK guys. if u like fun with me. Text MTALK to 69866.18 . 30pp/txt 1st 5free. å£1.50 increments. Help08718728876",spam
"Once a fishrman woke early in d mrng. It was very dark. He waited a while &amp; found a sack ful of stones. He strtd throwin thm in2 d sea 2 pass time. Atlast he had jus 1stone, sun rose up &amp; he found out tht those r nt stones, those were diamonds. Moral:\Dont wake up early in d mrng'' GOOD night""",ham
"Claim a 200 shopping spree, just call 08717895698 now! Have you won! MobStoreQuiz10ppm",spam
Then ur physics get a-?,ham
"Dear friends, sorry for the late information. Today is the birthday of our loving Ar.Praveesh. for more details log on to face book and see. Its his number + &lt;#&gt; . Dont miss a delicious treat.",ham
How r Ì_ going to send it to me?,ham
Can you do online transaction?,ham
Dear got train and seat mine lower seat,ham
Let me know if you need anything else. Salad or desert or something... How many beers shall i get?,ham
Wat r u doing?,ham
WHORE YOU ARE UNBELIEVABLE.,ham
"Want to funk up ur fone with a weekly new tone reply TONES2U 2 this text. www.ringtones.co.uk, the original n best. Tones 3GBP network operator rates apply",spam
Are you sure you don't mean \get here,ham
"I love you !!! You know? Can you feel it? Does it make your belly warm? I wish it does, my love ... I shall meet you in your dreams, Ahmad ... *adoring kiss*",ham
"Twinks, bears, scallies, skins and jocks are calling now. Don't miss the weekend's fun. Call 08712466669 at 10p/min. 2 stop texts call 08712460324(nat rate)",spam
Love it! I want to flood that pretty pussy with cum...,ham
Hey are you angry with me. Reply me dr.,ham
Short But Cute: \Be a good person,ham
Also remember the beads don't come off. Ever.,ham
They have a thread on the wishlist section of the forums where ppl post nitro requests. Start from the last page and collect from the bottom up.,ham
For The First Time In The History 'Need' 'Comfort' And 'Luxury' Are Sold At Same Price In India..!! Onion-Rs. &lt;#&gt;  Petrol-Rs. &lt;#&gt;  Beer-Rs. &lt;#&gt;  SHESIL  &lt;#&gt;,ham
"Feb  &lt;#&gt;  is \I LOVE U\"" day. Send dis to all ur \""VALUED FRNDS\"" evn me. If 3 comes back u'll gt married d person u luv! If u ignore dis u will lose ur luv 4 Evr""",ham
"Actually nvm, got hella cash, we still on for  &lt;#&gt; ish?",ham
We tried to contact you re your reply to our offer of a Video Handset? 750 anytime any networks mins? UNLIMITED TEXT? Camcorder? Reply or call 08000930705 NOW,spam
"It's ok, at least armand's still around",ham
No da. I am happy that we sit together na,ham
Yup song bro. No creative. Neva test quality. He said check review online.,ham
"No dude, its not fake..my frnds got money, thts y i'm reffering u..if u member wit my mail link, u vl be credited  &lt;#&gt; rs and il be getiing  &lt;#&gt; rs..i can draw my acc wen it is  &lt;#&gt; rs..",ham
Dude while were makin those weirdy brownies my sister made awesome cookies. I took pics.,ham
URGENT! We are trying to contact you. Last weekends draw shows that you have won a å£900 prize GUARANTEED. Call 09061701851. Claim code K61. Valid 12hours only,spam
Pls dont restrict her from eating anythin she likes for the next two days.,ham
Mm you ask him to come its enough :-),ham
At the funeral home with Audrey and dad,ham
"Aight, can you text me the address?",ham
Excellent! Wish we were together right now!,ham
Yep then is fine 7.30 or 8.30 for ice age.,ham
Pls i wont belive god.not only jesus.,ham
Can. Dunno wat to get 4 her...,ham
"Not yet chikku..k, then wat abt tht guy did he stopped irritating or msging to u..",ham
How long does it take to get it.,ham
This is my number by vivek..,ham
74355 XMAS iscoming & ur awarded either å£500 CD gift vouchers & free entry 2 r å£100 weekly draw txt MUSIC to 87066 TnC,spam
"sorry brah, just finished the last of my exams, what up",ham
"I got arrested for possession at, I shit you not,  &lt;TIME&gt;  pm",ham
You are right though. I can't give you the space you want and need. This is really starting to become an issue. I was going to suggest setting a definite move out--if i'm still there-- after greece. But maybe you are ready and should do it now.,ham
Just normal only here :),ham
"Please protect yourself from e-threats. SIB never asks for sensitive information like Passwords,ATM/SMS PIN thru email. Never share your password with anybody.",ham
I miss you so much I'm so desparate I have recorded the message you left for me the other day and listen to it just to hear the sound of your voice. I love you,ham
Hi. I'm always online on yahoo and would like to chat with you someday,ham
"Goodmorning,my grandfather expired..so am on leave today.",ham
Congratulations U can claim 2 VIP row A Tickets 2 C Blu in concert in November or Blu gift guaranteed Call 09061104276 to claim TS&Cs www.smsco.net costå£3.75max ,spam
Where are you ? What are you doing ? Are yuou working on getting the pc to your mom's ? Did you find a spot that it would work ? I need you,ham
"Sure, I'll see if I can come by in a bit",ham
I agree. So i can stop thinkin about ipad. Can you please ask macho the same question.,ham
Let's pool our money together and buy a bunch of lotto tickets. If we win I get &lt;#&gt; % u get &lt;#&gt; %. Deal?,ham
Ok.,ham
I had askd u a question some hours before. Its answer,ham
Watching tv lor. Nice one then i like lor.,ham
I'm thinking that chennai forgot to come for auction..,ham
Then Ì_ come n pick me at 530 ar?,ham
Early bird! Any purchases yet?,ham
Went to pay rent. So i had to go to the bank to authorise the payment.,ham
"Erm ‰Û_ ill pick you up at about 6.45pm. That'll give enough time to get there, park and that.",ham
HEY MATE! HOWS U HONEY?DID U AVE GOOD HOLIDAY? GIMMI DE GOSS!x,ham
Howz pain.it will come down today.do as i said ystrday.ice and medicine.,ham
"chile, please! It's only a  &lt;DECIMAL&gt;  hour drive for me. I come down all the time and will be subletting feb-april for audition season.",ham
Yes ammae....life takes lot of turns you can only sit and try to hold the steering...,ham
"Yeah that's what I thought, lemme know if anything's goin on later",ham
Mmmm.... I cant wait to lick it!,ham
Pls go there today  &lt;#&gt; . I dont want any excuses,ham
"Fantasy Football is back on your TV. Go to Sky Gamestar on Sky Active and play å£250k Dream Team. Scoring starts on Saturday, so register now!SKY OPT OUT to 88088",spam
Can you plz tell me the ans. BSLVYL sent via fullonsms.com,ham
U in town alone?,ham
I to am looking forward to all the sex cuddling.. Only two more sleeps ,ham
We have all rounder:)so not required:),ham
"No, its true..k,Do u knw dis no. &lt;#&gt; ?",ham
"Dont worry, 1 day very big lambu ji vl come..til then enjoy batchlor party:-)",ham
oh ya... Got hip hop open. Haha i was thinking can go for jazz then zoom to cine... Actually tonight i'm free leh... And there's a kb lesson tonight,ham
Free msg: Single? Find a partner in your area! 1000s of real people are waiting to chat now!Send CHAT to 62220Cncl send STOPCS 08717890890å£1.50 per msg,spam
I'm ok. Will do my part tomorrow,ham
"No! But we found a diff farm shop to buy some cheese. On way back now, can i call in?",ham
R u still working now?,ham
"Win the newest åÒHarry Potter and the Order of the Phoenix (Book 5) reply HARRY, answer 5 questions - chance to be the first among readers!",spam
Yep. I do like the pink furniture tho.,ham
Free Msg: Ringtone!From: http://tms. widelive.com/index. wml?id=1b6a5ecef91ff9*37819&first=true18:0430-JUL-05,spam
"Customer place, i wil cal u sir.",ham
"Oh my god! I've found your number again! I'm so glad, text me back xafter this msgs cst std ntwk chg å£1.50",spam
A pure hearted person can have a wonderful smile that makes even his/her enemies to feel guilty for being an enemy.. So catch the world with your smile..:) GOODMORNING &amp; HAVE A SMILEY SUNDAY..:),ham
"THATåÕS ALRITE GIRL, U KNOW GAIL IS NEVA WRONG!!TAKE CARE SWEET AND DONåÕT WORRY.C U L8TR HUN!LOVE Yaxxx",ham
"Theoretically yeah, he could be able to come",ham
"Alright we're hooked up, where you guys at",ham
"not that I know of, most people up here are still out of town",ham
No let me do the math. Your not good at it.,ham
Oh ok wait 4 me there... My lect havent finish,ham
Yeah my usual guy's out of town but there're definitely people around I know,ham
I am joining today formally.Pls keep praying.will talk later.,ham
"Happy or sad , one thing about past is- \Its no more\"" GOOD MORNING :-):-).""",ham
No. Did you multimedia message them or e-mail?,ham
Okie but i scared u say i fat... Then u dun wan me already...,ham
did u get that message,ham
"Sorry sir, i will call you tomorrow.  senthil.hsbc",ham
What you need. You have a person to give na.,ham
She left it very vague. She just said she would inform the person in accounting about the delayed rent and that i should discuss with the housing agency about my renting another place. But checking online now and all places around usc are  &lt;#&gt;  and up,ham
Hi juan. Im coming home on fri hey. Of course i expect a welcome party and lots of presents. Ill phone u when i get back. Loads of love nicky x x x x x x x x x,ham
Can you plz tell me the ans. BSLVYL sent via fullonsms.com,ham
Short But Cute: \Be a good person,ham
"Gumby's has a special where a  &lt;#&gt; \ cheese pizza is $2 so I know what we're doin tonight""",ham
A link to your picture has been sent. You can also use http://alto18.co.uk/wave/wave.asp?o=44345,spam
Like a personal sized or what,ham
"Same, I'm at my great aunts anniversary party in tarpon springs",ham
Cab is available.they pick up and drop at door steps.,ham
ok....take care.umma to you too...,ham
Unlimited texts. Limited minutes.,ham
"Double Mins & 1000 txts on Orange tariffs. Latest Motorola, SonyEricsson & Nokia with Bluetooth FREE! Call MobileUpd8 on 08000839402 or call2optout/HF8",spam
No problem. We will be spending a lot of quality time together...,ham
URGENT This is our 2nd attempt to contact U. Your å£900 prize from YESTERDAY is still awaiting collection. To claim CALL NOW 09061702893. ACL03530150PM,spam
Have you heard from this week?,ham
Dear Dave this is your final notice to collect your 4* Tenerife Holiday or #5000 CASH award! Call 09061743806 from landline. TCs SAE Box326 CW25WX 150ppm,spam
Yes. Last  practice,ham
tells u 2 call 09066358152 to claim å£5000 prize. U have 2 enter all ur mobile & personal details @ the prompts. Careful!,spam
No. Thank you. You've been wonderful,ham
Otherwise had part time job na-tuition..,ham
ÌÏ mean it's confirmed... I tot they juz say oni... Ok then... ,ham
Okie,ham
