text,label
"Go until jurong point, crazy.. Available only in bugis n great world la e buffet... Cine there got amore wat...",ham
Ok lar... Joking wif u oni...,ham
Free entry in 2 a wkly comp to win FA Cup final tkts 21st May 2005. Text FA to 87121 to receive entry question(std txt rate)T&C's apply 08452810075over18's,spam
U dun say so early hor... U c already then say...,ham
"Nah I don't think he goes to usf, he lives around here though",ham
"FreeMsg Hey there darling it's been 3 week's now and no word back! I'd like some fun you up for it still? Tb ok! XxX std chgs to send, å£1.50 to rcv",spam
Even my brother is not like to speak with me. They treat me like aids patent.,ham
As per your request 'Melle Melle (Oru Minnaminunginte Nurungu Vettam)' has been set as your callertune for all Callers. Press *9 to copy your friends Callertune,ham
WINNER!! As a valued network customer you have been selected to receivea å£900 prize reward! To claim call 09061701461. Claim code KL341. Valid 12 hours only.,spam
Had your mobile 11 months or more? U R entitled to Update to the latest colour mobiles with camera for Free! Call The Mobile Update Co FREE on 08002986030,spam
"I'm gonna be home soon and i don't want to talk about this stuff anymore tonight, k? I've cried enough today.",ham
"SIX chances to win CASH! From 100 to 20,000 pounds txt> CSH11 and send to 87575. Cost 150p/day, 6days, 16+ TsandCs apply Reply HL 4 info",spam
"URGENT! You have won a 1 week FREE membership in our å£100,000 Prize Jackpot! Txt the word: CLAIM to No: 81010 T&C www.dbuk.net LCCLTD POBOX 4403LDNW1A7RW18",spam
I've been searching for the right words to thank you for this breather. I promise i wont take your help for granted and will fulfil my promise. You have been wonderful and a blessing at all times.,ham
I HAVE A DATE ON SUNDAY WITH WILL!!,ham
"XXXMobileMovieClub: To use your credit, click the WAP link in the next txt message or click here>> http://wap. xxxmobilemovieclub.com?n=QJKGIGHJJGCBL",spam
Oh k...i'm watching here:),ham
Eh u remember how 2 spell his name... Yes i did. He v naughty make until i v wet.,ham
Fine if thatåÕs the way u feel. ThatåÕs the way its gota b,ham
"England v Macedonia - dont miss the goals/team news. Txt ur national team to 87077 eg ENGLAND to 87077 Try:WALES, SCOTLAND 4txt/Ì¼1.20 POBOXox36504W45WQ 16+",spam
Is that seriously how you spell his name?,ham
I‰Û÷m going to try for 2 months ha ha only joking,ham
So Ì_ pay first lar... Then when is da stock comin...,ham
Aft i finish my lunch then i go str down lor. Ard 3 smth lor. U finish ur lunch already?,ham
Ffffffffff. Alright no way I can meet up with you sooner?,ham
Just forced myself to eat a slice. I'm really not hungry tho. This sucks. Mark is getting worried. He knows I'm sick when I turn down pizza. Lol,ham
Lol your always so convincing.,ham
Did you catch the bus ? Are you frying an egg ? Did you make a tea? Are you eating your mom's left over dinner ? Do you feel my Love ?,ham
"I'm back &amp; we're packing the car now, I'll let you know if there's room",ham
Ahhh. Work. I vaguely remember that! What does it feel like? Lol,ham
"Wait that's still not all that clear, were you not sure about me being sarcastic or that that's why x doesn't want to live with us",ham
Yeah he got in at 2 and was v apologetic. n had fallen out and she was actin like spoilt child and he got caught up in that. Till 2! But we won't go there! Not doing too badly cheers. You? ,ham
K tell me anything about you.,ham
For fear of fainting with the of all that housework you just did? Quick have a cuppa,ham
Thanks for your subscription to Ringtone UK your mobile will be charged å£5/month Please confirm by replying YES or NO. If you reply NO you will not be charged,spam
Yup... Ok i go home look at the timings then i msg Ì_ again... Xuhui going to learn on 2nd may too but her lesson is at 8am,ham
"Oops, I'll let you know when my roommate's done",ham
I see the letter B on my car,ham
Anything lor... U decide...,ham
Hello! How's you and how did saturday go? I was just texting to see if you'd decided to do anything tomo. Not that i'm trying to invite myself or anything!,ham
Pls go ahead with watts. I just wanted to be sure. Do have a great weekend. Abiola,ham
"Did I forget to tell you ? I want you , I need you, I crave you ... But most of all ... I love you my sweet Arabian steed ... Mmmmmm ... Yummy",ham
07732584351 - Rodger Burns - MSG = We tried to call you re your reply to our sms for a free nokia mobile + free camcorder. Please call now 08000930705 for delivery tomorrow,spam
WHO ARE YOU SEEING?,ham
Great! I hope you like your man well endowed. I am  &lt;#&gt;  inches...,ham
No calls..messages..missed calls,ham
Didn't you get hep b immunisation in nigeria.,ham
"Fair enough, anything going on?",ham
"Yeah hopefully, if tyler can't do it I could maybe ask around a bit",ham
U don't know how stubborn I am. I didn't even want to go to the hospital. I kept telling Mark I'm not a weak sucker. Hospitals are for weak suckers.,ham
What you thinked about me. First time you saw me in class.,ham
"A gram usually runs like  &lt;#&gt; , a half eighth is smarter though and gets you almost a whole second gram for  &lt;#&gt;",ham
K fyi x has a ride early tomorrow morning but he's crashing at our place tonight,ham
"Wow. I never realized that you were so embarassed by your accomodations. I thought you liked it, since i was doing the best i could and you always seemed so happy about \the cave\"". I'm sorry I didn't and don't have more to give. I'm sorry i offered. I'm sorry your room was so embarassing.""",ham
SMS. ac Sptv: The New Jersey Devils and the Detroit Red Wings play Ice Hockey. Correct or Incorrect? End? Reply END SPTV,spam
Do you know what Mallika Sherawat did yesterday? Find out now @  &lt;URL&gt;,ham
"Congrats! 1 year special cinema pass for 2 is yours. call 09061209465 now! C Suprman V, Matrix3, StarWars3, etc all 4 FREE! bx420-ip4-5we. 150pm. Dont miss out! ",spam
"Sorry, I'll call later in meeting.",ham
Tell where you reached,ham
Yes..gauti and sehwag out of odi series.,ham
Your gonna have to pick up a $1 burger for yourself on your way home. I can't even move. Pain is killing me.,ham
Ha ha ha good joke. Girls are situation seekers.,ham
Its a part of checking IQ,ham
"Sorry my roommates took forever, it ok if I come by now?",ham
Ok lar i double check wif da hair dresser already he said wun cut v short. He said will cut until i look nice.,ham
"As a valued customer, I am pleased to advise you that following recent review of your Mob No. you are awarded with a å£1500 Bonus Prize, call 09066364589",spam
"Today is \song dedicated day..\"" Which song will u dedicate for me? Send this to all ur valuable frnds but first rply me...""",ham
"Urgent UR awarded a complimentary trip to EuroDisinc Trav, Aco&Entry41 Or å£1000. To claim txt DIS to 87121 18+6*å£1.50(moreFrmMob. ShrAcomOrSglSuplt)10, LS1 3AJ",spam
"Did you hear about the new \Divorce Barbie\""? It comes with all of Ken's stuff!""",spam
I plane to give on this month end.,ham
Wah lucky man... Then can save money... Hee...,ham
Finished class where are you.,ham
HI BABE IM AT HOME NOW WANNA DO SOMETHING? XX,ham
K..k:)where are you?how did you performed?,ham
U can call me now...,ham
I am waiting machan. Call me once you free.,ham
Thats cool. i am a gentleman and will treat you with dignity and respect.,ham
I like you peoples very much:) but am very shy pa.,ham
Does not operate after  &lt;#&gt;  or what,ham
Its not the same here. Still looking for a job. How much do Ta's earn there.,ham
"Sorry, I'll call later",ham
K. Did you call me just now ah? ,ham
Ok i am on the way to home hi hi,ham
You will be in the place of that man,ham
Yup next stop.,ham
"I call you later, don't have network. If urgnt, sms me.",ham
For real when u getting on yo? I only need 2 more tickets and one more jacket and I'm done. I already used all my multis.,ham
Yes I started to send requests to make it but pain came back so I'm back in bed. Double coins at the factory too. I gotta cash in all my nitros.,ham
I'm really not up to it still tonight babe,ham
"Ela kano.,il download, come wen ur free..",ham
Yeah do! Don‰Û÷t stand to close tho- you‰Û÷ll catch something!,ham
Sorry to be a pain. Is it ok if we meet another night? I spent late afternoon in casualty and that means i haven't done any of y stuff42moro and that includes all my time sheets and that. Sorry. ,ham
Smile in Pleasure Smile in Pain Smile when trouble pours like Rain Smile when sum1 Hurts U Smile becoz SOMEONE still Loves to see u Smiling!!,ham
Please call our customer service representative on 0800 169 6031 between 10am-9pm as you have WON a guaranteed å£1000 cash or å£5000 prize!,spam
Havent planning to buy later. I check already lido only got 530 show in e afternoon. U finish work already?,ham
"Your free ringtone is waiting to be collected. Simply text the password \MIX\"" to 85069 to verify. Get Usher and Britney. FML",spam
Watching telugu movie..wat abt u?,ham
i see. When we finish we have loads of loans to pay,ham
"Hi. Wk been ok - on hols now! Yes on for a bit of a run. Forgot that i have hairdressers appointment at four so need to get home n shower beforehand. Does that cause prob for u?\""ham""",ham
Please don't text me anymore. I have nothing else to say.,ham
Okay name ur price as long as its legal! Wen can I pick them up? Y u ave x ams xx,ham
I'm still looking for a car to buy. And have not gone 4the driving test yet.,ham
As per your request 'Melle Melle (Oru Minnaminunginte Nurungu Vettam)' has been set as your callertune for all Callers. Press *9 to copy your friends Callertune,ham
"wow. You're right! I didn't mean to do that. I guess once i gave up on boston men and changed my search location to nyc, something changed. Cuz on my signin page it still says boston.",ham
Umma my life and vava umma love you lot dear,ham
Thanks a lot for your wishes on my birthday. Thanks you for making my birthday truly memorable.,ham
"Aight, I'll hit you up when I get some cash",ham
How would my ip address test that considering my computer isn't a minecraft server,ham
I know! Grumpy old people. My mom was like you better not be lying. Then again I am always the one to play jokes...,ham
Dont worry. I guess he's busy.,ham
What is the plural of the noun research?,ham
Going for dinner.msg you after.,ham
I'm ok wif it cos i like 2 try new things. But i scared u dun like mah. Cos u said not too loud.,ham
GENT! We are trying to contact you. Last weekends draw shows that you won a å£1000 prize GUARANTEED. Call 09064012160. Claim Code K52. Valid 12hrs only. 150ppm,spam
"Wa, ur openin sentence very formal... Anyway, i'm fine too, juz tt i'm eatin too much n puttin on weight...Haha... So anythin special happened?",ham
"As I entered my cabin my PA said, '' Happy B'day Boss !!''. I felt special. She askd me 4 lunch. After lunch she invited me to her apartment. We went there.",ham
You are a winner U have been specially selected 2 receive å£1000 or a 4* holiday (flights inc) speak to a live operator 2 claim 0871277810910p/min (18+) ,spam
Goodo! Yes we must speak friday - egg-potato ratio for tortilla needed! ,ham
Hmm...my uncle just informed me that he's paying the school directly. So pls buy food.,ham
PRIVATE! Your 2004 Account Statement for 07742676969 shows 786 unredeemed Bonus Points. To claim call 08719180248 Identifier Code: 45239 Expires,spam
"URGENT! Your Mobile No. was awarded å£2000 Bonus Caller Prize on 5/9/03 This is our final try to contact U! Call from Landline 09064019788 BOX42WR29C, 150PPM",spam
here is my new address -apples&pairs&all that malarky,ham
Todays Voda numbers ending 7548 are selected to receive a $350 award. If you have a match please call 08712300220 quoting claim code 4041 standard rates app,spam
I am going to sao mu today. Will be done only at 12 ,ham
ÌÏ predict wat time Ì_'ll finish buying?,ham
"Good stuff, will do.",ham
"Just so that you know,yetunde hasn't sent money yet. I just sent her a text not to bother sending. So its over, you dont have to involve yourself in anything. I shouldn't have imposed anything on you in the first place so for that, i apologise.",ham
Are you there in room.,ham
HEY GIRL. HOW R U? HOPE U R WELL ME AN DEL R BAK! AGAIN LONG TIME NO C! GIVE ME A CALL SUM TIME FROM LUCYxx,ham
K..k:)how much does it cost?,ham
I'm home.,ham
"Dear, will call Tmorrow.pls accomodate.",ham
First answer my question.,ham
Sunshine Quiz Wkly Q! Win a top Sony DVD player if u know which country the Algarve is in? Txt ansr to 82277. å£1.50 SP:Tyrone,spam
Want 2 get laid tonight? Want real Dogging locations sent direct 2 ur mob? Join the UK's largest Dogging Network bt Txting GRAVEL to 69888! Nt. ec2a. 31p.msg@150p,spam
I only haf msn. It's yijue@hotmail.com,ham
He is there. You call and meet him,ham
No no. I will check all rooms befor activities,ham
You'll not rcv any more msgs from the chat svc. For FREE Hardcore services text GO to: 69988 If u get nothing u must Age Verify with yr network & try again,spam
Got c... I lazy to type... I forgot Ì_ in lect... I saw a pouch but like not v nice...,ham
"K, text me when you're on the way",ham
"Sir, Waiting for your mail.",ham
"A swt thought: \Nver get tired of doing little things 4 lovable persons..\"" Coz..somtimes those little things occupy d biggest part in their Hearts.. Gud ni8""",ham
I know you are. Can you pls open the back?,ham
Yes see ya not on the dot,ham
Whats the staff name who is taking class for us?,ham
"FreeMsg Why haven't you replied to my text? I'm Randy, sexy, female and live local. Luv to hear from u. Netcollex Ltd 08700621170150p per msg reply Stop to end",spam
Ummma.will call after check in.our life will begin from qatar so pls pray very hard.,ham
K..i deleted my contact that why?,ham
Sindu got job in birla soft ..,ham
The wine is flowing and i'm i have nevering..,ham
Yup i thk cine is better cos no need 2 go down 2 plaza mah.,ham
Ok... Ur typical reply...,ham
As per your request 'Melle Melle (Oru Minnaminunginte Nurungu Vettam)' has been set as your callertune for all Callers. Press *9 to copy your friends Callertune,ham
"You are everywhere dirt, on the floor, the windows, even on my shirt. And sometimes when i open my mouth, you are all that comes flowing out. I dream of my world without you, then half my chores are out too. A time of joy for me, lots of tv shows i.ll see. But i guess like all things you just must exist, like rain, hail and mist, and when my time here is done, you and i become one.",ham
Aaooooright are you at work?,ham
I'm leaving my house now...,ham
"Hello, my love. What are you doing? Did you get to that interview today? Are you you happy? Are you being a good boy? Do you think of me?Are you missing me ?",ham
Customer service annoncement. You have a New Years delivery waiting for you. Please call 07046744435 now to arrange delivery,spam
You are a winner U have been specially selected 2 receive å£1000 cash or a 4* holiday (flights inc) speak to a live operator 2 claim 0871277810810,spam
Keep yourself safe for me because I need you and I miss you already and I envy everyone that see's you in real life,ham
New car and house for my parents.:)i have only new job in hand:),ham
I'm so in love with you. I'm excited each day i spend with you. You make me so happy.,ham
-PLS STOP bootydelious (32/F) is inviting you to be her friend. Reply YES-434 or NO-434 See her: www.SMS.ac/u/bootydelious STOP? Send STOP FRND to 62468,spam
"BangBabes Ur order is on the way. U SHOULD receive a Service Msg 2 download UR content. If U do not, GoTo wap. bangb. tv on UR mobile internet/service menu",spam
I place all ur points on e cultures module already.,ham
URGENT! We are trying to contact you. Last weekends draw shows that you have won a å£900 prize GUARANTEED. Call 09061701939. Claim code S89. Valid 12hrs only,spam
"Hi frnd, which is best way to avoid missunderstding wit our beloved one's?",ham
Great escape. I fancy the bridge but needs her lager. See you tomo ,ham
Yes :)it completely in out of form:)clark also utter waste.,ham
"Sir, I need AXIS BANK account no and bank address.",ham
"Hmmm.. Thk sure got time to hop ard... Ya, can go 4 free abt... Muz call u to discuss liao... ",ham
What time you coming down later? ,ham
"Bloody hell, cant believe you forgot my surname Mr . Ill give u a clue, its spanish and begins with m... ",ham
"Well, i'm gonna finish my bath now. Have a good...fine night.",ham
Let me know when you've got the money so carlos can make the call,ham
U still going to the mall?,ham
"Turns out my friends are staying for the whole show and won't be back til ~ &lt;#&gt; , so feel free to go ahead and smoke that $ &lt;#&gt;  worth",ham
Text her. If she doesnt reply let me know so i can have her log in,ham
Hi! You just spoke to MANEESHA V. We'd like to know if you were satisfied with the experience. Reply Toll Free with Yes or No.,ham
You lifted my hopes with the offer of money. I am in need. Especially when the end of the month approaches and it hurts my studying. Anyways have a gr8 weekend,ham
Lol no. U can trust me.,ham
ok. I am a gentleman and will treat you with dignity and respect.,ham
"He will, you guys close?",ham
Going on nothing great.bye,ham
Hello handsome ! Are you finding that job ? Not being lazy ? Working towards getting back that net for mummy ? Where's my boytoy now ? Does he miss me ?,ham
"Haha awesome, be there in a minute",ham
Please call our customer service representative on FREEPHONE 0808 145 4742 between 9am-11pm as you have WON a guaranteed å£1000 cash or å£5000 prize!,spam
Have you got Xmas radio times. If not i will get it now,ham
I jus reached home. I go bathe first. But my sis using net tell u when she finishes k...,ham
Are you unique enough? Find out from 30th August. www.areyouunique.co.uk,spam
I'm sorry. I've joined the league of people that dont keep in touch. You mean a great deal to me. You have been a friend at all times even at great personal cost. Do have a great week.|,ham
Hi :)finally i completed the course:),ham
It will stop on itself. I however suggest she stays with someone that will be able to give ors for every stool.,ham
How are you doing? Hope you've settled in for the new school year. Just wishin you a gr8 day,ham
Gud mrng dear hav a nice day,ham
Did u got that persons story,ham
is your hamster dead? Hey so tmr i meet you at 1pm orchard mrt? ,ham
Hi its Kate how is your evening? I hope i can see you tomorrow for a bit but i have to bloody babyjontet! Txt back if u can. :) xxx,ham
"Found it, ENC  &lt;#&gt; , where you at?",ham
I sent you  &lt;#&gt;  bucks,ham
Hello darlin ive finished college now so txt me when u finish if u can love Kate xxx,ham
Your account has been refilled successfully by INR  &lt;DECIMAL&gt; . Your KeralaCircle prepaid account balance is Rs  &lt;DECIMAL&gt; . Your Transaction ID is KR &lt;#&gt; .,ham
Goodmorning sleeping ga.,ham
U call me alter at 11 ok.,ham
ÌÏ say until like dat i dun buy ericsson oso cannot oredi lar...,ham
"As I entered my cabin my PA said, '' Happy B'day Boss !!''. I felt special. She askd me 4 lunch. After lunch she invited me to her apartment. We went there.",ham
"Aight yo, dats straight dogg",ham
You please give us connection today itself before  &lt;DECIMAL&gt;  or refund the bill,ham
Both :) i shoot big loads so get ready!,ham
"What's up bruv, hope you had a great break. Do have a rewarding semester.",ham
Home so we can always chat,ham
K:)k:)good:)study well.,ham
Yup... How Ì_ noe leh...,ham
Sounds great! Are you home now?,ham
Finally the match heading towards draw as your prediction.,ham
Tired. I haven't slept well the past few nights.,ham
Easy ah?sen got selected means its good..,ham
I have to take exam with march 3,ham
Yeah you should. I think you can use your gt atm now to register. Not sure but if there's anyway i can help let me know. But when you do be sure you are ready.,ham
Ok no prob. Take ur time.,ham
There is os called ubandu which will run without installing in hard disk...you can use that os to copy the important files in system and give it to repair shop..,ham
"Sorry, I'll call later",ham
U say leh... Of course nothing happen lar. Not say v romantic jus a bit only lor. I thk e nite scenery not so nice leh.,ham
"500 New Mobiles from 2004, MUST GO! Txt: NOKIA to No: 89545 & collect yours today!From ONLY å£1 www.4-tc.biz 2optout 087187262701.50gbp/mtmsg18",spam
Would really appreciate if you call me. Just need someone to talk to.,ham
"Will u meet ur dream partner soon? Is ur career off 2 a flyng start? 2 find out free, txt HORO followed by ur star sign, e. g. HORO ARIES",spam
Hey company elama po mudyadhu.,ham
"Life is more strict than teacher... Bcoz Teacher teaches lesson &amp; then conducts exam, But Life first conducts Exam &amp; then teaches Lessons. Happy morning. . .",ham
Dear good morning now only i am up,ham
Get down in gandhipuram and walk to cross cut road. Right side &lt;#&gt; street road and turn at first right.,ham
Dear we are going to our rubber place,ham
"Sorry battery died, yeah I'm here",ham
Yes:)here tv is always available in work place..,ham
Text & meet someone sexy today. U can find a date or even flirt its up to U. Join 4 just 10p. REPLY with NAME & AGE eg Sam 25. 18 -msg recd@thirtyeight pence,spam
I have printed it oh. So  &lt;#&gt;  come upstairs,ham
Or ill be a little closer like at the bus stop on the same street,ham
Where are you?when wil you reach here?,ham
"New Theory: Argument wins d SITUATION, but loses the PERSON. So dont argue with ur friends just.. . . . kick them &amp; say, I'm always correct.!",ham
U 447801259231 have a secret admirer who is looking 2 make contact with U-find out who they R*reveal who thinks UR so special-call on 09058094597,spam
Tomarrow final hearing on my laptop case so i cant.,ham
PLEASSSSSSSEEEEEE TEL ME V AVENT DONE SPORTSx,ham
"Okay. No no, just shining on. That was meant to be signing, but that sounds better.",ham
"Although i told u dat i'm into baig face watches now but i really like e watch u gave cos it's fr u. Thanx 4 everything dat u've done today, i'm touched...",ham
U don't remember that old commercial?,ham
Too late. I said i have the website. I didn't i have or dont have the slippers,ham
I asked you to call him now ok,ham
Kallis wont bat in 2nd innings.,ham
It didnt work again oh. Ok goodnight then. I.ll fix and have it ready by the time you wake up. You are very dearly missed have a good night sleep.,ham
Congratulations ur awarded 500 of CD vouchers or 125gift guaranteed & Free entry 2 100 wkly draw txt MUSIC to 87066 TnCs www.Ldew.com1win150ppmx3age16,spam
Ranjith cal drpd Deeraj and deepak 5min hold,ham
"Wen ur lovable bcums angry wid u, dnt take it seriously.. Coz being angry is d most childish n true way of showing deep affection, care n luv!.. kettoda manda... Have nice day da.",ham
What you doing?how are you?,ham
"Ups which is 3days also, and the shipping company that takes 2wks. The other way is usps which takes a week but when it gets to lag you may have to bribe nipost to get your stuff.",ham
"I'm back, lemme know when you're ready",ham
Don't necessarily expect it to be done before you get back though because I'm just now headin out,ham
Mmm so yummy babe ... Nice jolt to the suzy,ham
Where are you lover ? I need you ...,ham
We tried to contact you re your reply to our offer of a Video Handset? 750 anytime networks mins? UNLIMITED TEXT? Camcorder? Reply or call 08000930705 NOW,spam
I‰Û÷m parked next to a MINI!!!! When are you coming in today do you think?,ham
Yup,ham
Anyway i'm going shopping on my own now. Cos my sis not done yet. Dun disturb u liao.,ham
MY NO. IN LUTON 0125698789 RING ME IF UR AROUND! H*,ham
Hey I am really horny want to chat or see me naked text hot to 69698 text charged at 150pm to unsubscribe text stop 69698,spam
Why you Dint come with us.,ham
Same. Wana plan a trip sometme then,ham
"Not sure yet, still trying to get a hold of him",ham
Ur ringtone service has changed! 25 Free credits! Go to club4mobiles.com to choose content now! Stop? txt CLUB STOP to 87070. 150p/wk Club4 PO Box1146 MK45 2WT,spam
The evo. I just had to download flash. Jealous?,ham
Ringtone Club: Get the UK singles chart on your mobile each week and choose any top quality ringtone! This message is free of charge.,spam
"Come to mu, we're sorting out our narcotics situation",ham
"Night has ended for another day, morning has come in a special way. May you smile like the sunny rays and leaves your worries at the blue blue bay.",ham
HMV BONUS SPECIAL 500 pounds of genuine HMV vouchers to be won. Just answer 4 easy questions. Play Now! Send HMV to 86688 More info:www.100percent-real.com,spam
"Usf I guess, might as well take 1 car",ham
No objection. My bf not coming.,ham
Thanx...,ham
Tell rob to mack his gf in the theater,ham
"Awesome, I'll see you in a bit",ham
Just sent it. So what type of food do you like?,ham
All done? All handed in? Celebrations in full swing yet?,ham
You got called a tool?,ham
\Wen u miss someone,ham
Ok. I asked for money how far,ham
Okie...,ham
"Yeah I think my usual guy's still passed out from last night, if you get ahold of anybody let me know and I'll throw down",ham
"K, I might come by tonight then if my class lets out early",ham
Ok..,ham
hi baby im cruisin with my girl friend what r u up 2? give me a call in and hour at home if thats alright or fone me on this fone now love jenny xxx,ham
"My life Means a lot to me, Not because I love my life, But because I love the people in my life, The world calls them friends, I call them my World:-).. Ge:-)..",ham
"Dear,shall mail tonite.busy in the street,shall update you tonite.things are looking ok.varunnathu edukkukayee raksha ollu.but a good one in real sense.",ham
Hey you told your name to gautham ah?,ham
Haf u found him? I feel so stupid da v cam was working.,ham
Oops. 4 got that bit.,ham
Are you this much buzy,ham
I accidentally deleted the message. Resend please.,ham
T-Mobile customer you may now claim your FREE CAMERA PHONE upgrade & a pay & go sim card for your loyalty. Call on 0845 021 3680.Offer ends 28thFeb.T&C's apply,spam
Unless it's a situation where YOU GO GURL would be more appropriate,ham
Hurt me... Tease me... Make me cry... But in the end of my life when i die plz keep one rose on my grave and say STUPID I MISS U.. HAVE A NICE DAY BSLVYL,ham
I cant pick the phone right now. Pls send a message,ham
